author_ch | author_en
陈良万 | Chen Liangwan
陈道中 | Chen Daozhong
戴炳光 | Dai Bingguang
曲崎 | Qu Qi
郭尚耘 | Guo Shangyun
邱罕凡 | Qiu Hanfan
吴锡阶 | Wu Xijie
王增春 | Wang Zengchun
李丹 | Li Dan
罗雅丹 | Luo Yadan
董力 | Dong Li
刘筱凌 | Liu Xiaoling
徐海英 | Xu Haiying
盛玲 | Sheng Ling
叶书高 | Ye Shugao
陈静瑜 | Chen Jingyu
刘峰 | Liu Feng
张稷 | Zhang Ji
陈忠华 | Chen Zhonghua
卫栋 | Weidong
陆荣国 | Lu Rongguo
农江 | Nong Jiang
孙煦勇 | Sun Xuyong
董建辉 | Dong Jianhui
秦科 | Qin Ke
赖彦华 | Lai Yanhua
聂峰 | Nie Feng
蔡文娥 | Cai Wen'e
文海涛 | Wen Haitao
李壮江 | Li Zhuangjiang
杨建均 | Yang Jianjun
何昌桓 | He Changhuan
石英 | Shi Ying
何洹 | He Huan
易建华 | Yi Jianhua
展淑敏 | Zhan Shumin
霍枫 | Huo Feng
余文静 | Yu Wenjing
高兴莲 | Gao Xinglian
吴佳颖 | Wu Jiaying
谭晓珏 | Tan Xiaojue
毛文君 | Mao Wenjun
赵文静 | Zhao Wenjing
朱爽 | Zhu Shuang
马奔 | Ma Ben
赵丽萍 | Zhao Liping
赵文州 | Zhao Wenzhou
金永梅 | Jin Yong-mei
徐爱民 | Xu Aimin
刘宏 | Liu Hong
韦韦 | Wei Wei
汪栋 | Wang Dong
孙国成 | Sun Guocheng
蔡振杰 | Cai Zhenjie
刘维永 | Liu Weiyong
万明明 | Wan Mingming
杨光 | Yang Guang
汪钢 | Wang Gang
李彤 | Li Tong
王伟宪 | Wang Weixian
许林海 | Xu Linhai
孔颂阳 | Kong Songyang
倪科伟 | Ni Kewei
钱文伟 | Qian Wenwei
朱理 | Zhu Li
严志焜 | Yan Zhikun
唐令凤 | Tang Lingfeng
连丽红 | Lian Lihong
杨康 | Yang Kang
杨军民 | Yang Junmin
王明荣 | Wang Mingrong
曾会昌 | Zeng Huichang
张向华 | Zhang Xianghua
廖崇先 | Liao Chongxian
陈翔 | Chen Xiang
孙树汉 | Sun Shuhan
范里莉 | Fan Lili
祁彦君 | Qi Yanjun
金文波 | Jin Wenbo
王晓武 | Wang Xiaowu
张卫达 | Zhang Weida
王伟 | Wang Wei
张中明 | Zhang Zhongming
孙全胜 | Sun Quansheng
王国祥 | Wang Guoxiang
钱伟民 | Qian Weimin
周晓彤 | Zhou Xiaotong
桂鑫 | Gui Xin
周更须 | Zhou Gengxu
俞世强 | Yu Shiqiang
陈敏薛 | Chen Minxue
卫斌 | Wei Bin
杨秀玲 | Yang Xiuling
黄小蝶 | Huang Xiaodie
叶晓青 | Ye Xiaoqing
刘季春 | Liu Jichun
徐建军 | Xu Jianjun
万于华 | Wan Yuhua
饶华庚 | Rao Huageng
王勤 | Wang Qin
李志平 | Li Zhiping
吴起才 | Wu Qicai
刘升 | Liu Sheng
刘晓明 | Liu Xiaoming
高涛 | Gao Tao
陈干 | Chen Qian
郭志勇 | Guo Zhiyong
滕和志 | Teng Hezhi
陈艳 | Chen Yan
于松阳 | Yu Songyang
林乐文 | Lin Lewen
万连壮 | Wan Lianzhuang
邹晓霞 | Zou Xiaoxia
余云生 | Yu Yunsheng
沈振亚 | Shen Zhenya
于曙东 | Yu Shudong
朱江 | Zhu Jiang
叶文学焦 | Yewen Xuejiao
黄浩岳 | Huang Haoyue
朱雅萍 | Zhu Yaping
卜丽芬 | Bu Lifen
胡雁秋 | Hu Yanqiu
尹云清 | Yin Yunqing
邹弘麟 | Zou Honglin
蒋立虹 | Jiang Lihong
孙小林 | Sun Xiaolin
陈智豫 | Chen Zhiyu
李亚雄 | Li Yaxiong
韦杰 | Wei Jie
王萍 | Wang Ping
臧旺福 | Zang Wangfu
夏求明 | Xia Qiuming
陈子道 | Chen Zidao
姚志发 | Yao Zhifa
向桂玉 | Xiang Guiyu
祁家驹 | Qi Jiaju
蒋树林 | Jiang Shulin
杨春文 | Yang Chunwen
于波 | Yu Bo
藏旺福 | Zang Wangfu
李学奇 | Li Xueqi
关振中 | Guan Zhenzhong
邹小明 | Zou Xiaoming
王武军 | Wang Wujun
张振 | Zhang Zhen
于佳生 | Yu Jiasheng
娄德剑 | Lou Dejian
林雪维 | Lin Xuewei
林长城 | Lin Changcheng
张延恩 | Zhang Yanen
苏润毅 | Su Runyi
曹向戎 | Cao Xiangrong
张健群 | Zhang Jianqun
李继勇 | Li Jiyong
伯平 | Bo Ping
宋飞强 | Song Feiqiang
周其文 | Zhou Qiwen
李文媚 | Li Wenmei
王辉 | Wang Hui
张莉 | Zhang Li
张明宇 | Zhang Mingyu
田海 | Tian Hai
刘开宇 | Liu Kaiyu
孙秀芳 | Sun Xiufang
赵烨 | Zhao Ye
杨新卫 | Yang Xinwei
李志英 | Li Zhiying
郭林静 | Guo Linjing
梁智星 | Liang Zhixing
任梅惠 | Ren Meihui
胡波 | Hu Bo
刘中民 | Liu Zhongmin
范慧敏 | Fan Huimin
刘泳 | Liu Yong
卢蓉 | Lu Rong
郭建华 | Guo Jianhua
刘建 | Liu Jian
陈锁成 | Chen Suocheng
王康荣 | Wang Kangrong
戎国祥 | Rong Guoxiang
董长青 | Dong Changqing
盛继红 | Sheng Jihong
陈龙 | Chen Long
曾志勇 | Zeng Zhiyong
王文睿 | Wang Wenrui
陈炜生 | Chen Weisheng
程旺生 | Cheng Wangsheng
程大新 | Cheng Daxin
陈利民 | Chen Limin
沈七襄 | Shen Qixiang
朱水波 | Zhu Shuibo
孙宗全 | Sun Zongquan
史嘉玮 | Shi Jiawei
张凯伦 | Zhang Kailun
肖诗亮 | Xiao Shiliang
董念国 | Dong Nianguo
蒋雄刚 | Jiang Xionggang
刘成硅 | Liu Chengqi
刘金平 | Liu Jinping
徐志娟 | Xu Zhijuan
吴若彬 | Wu Ruobin
姚桦 | Yao Hua
林曙光 | Lin Shuguang
郑少忆 | Zheng Shaoyi
陈正贤 | Chen Zhengxian
陈刚 | Chen Gang
黄克力 | Huang Keli
熊卫萍 | Xiong Weiping
柳玉容 | Liu Yurong
张艳晖 | Zhang Yanhui
左红 | Zuo Hong
林枫楠 | Lin Fengnan
王可兵 | Wang Kebing
丁宁 | Ding Ning
余兵 | Yu Bing
张琳 | Zhang Lin
陈秀俭 | Chen Xiujian
王春生 | Wang Chunsheng
李蕾 | Li Lei
艾皖平 | Ai Wanping
王平 | Wang Ping
彭浩 | Peng Hao
陈新隆 | Chen Xinlong
熊健 | Xiong Jian
毛新 | Mao Xin
程宏忠 | Cheng Hongzhong
彭俊 | Peng Jun
殷伟强 | Yin Weiqiang
钟南山 | Zhong Nanshan
何建行 | He Jianxing
徐鑫 | Xu Xin
葛林虎 | Ge Linhu
陈汉章 | Chen Hanzhang
肖东 | Xiao Dong
韦兵 | Wei Bing
成向阳 | Cheng Xiangyang
刘君 | Liu Jun
龚凤球 | Gong Fengqiu
成守珍 | Cheng Shouzhen
卢惠玲 | Lu Huiling
丁国文 | Ding Guowen
任正兵 | Ren Zhengbing
孙斌 | Sun Bin
唐巍峰 | Tang Weifeng
施益军 | Shi Yijun
邱源 | Qiu Yuan
吴俪丽 | Wu Lili
江晶 | Jiang Jing
罗桂元 | Luo Guiyuan
余小曼 | Yu Xiaoman
李美清 | Li Meiqing
马育璇 | Ma Yuxuan
陈涛 | Chen Tao
毕生辉 | Bi Shenghui
程亮 | Cheng Liang
王红兵 | Wang Hongbing
刘金成 | Liu Jincheng
金振晓 | Jin Zhenxiao
涂霞 | Tu Xia
张艳辉 | Zhang Yanhui
姜妮 | Jiang Ni
王芳 | Wang Fang
王钊 | Wang Zhao
李梅 | Li Mei
王翔 | Wang Xiang
夏阳 | Xia Yang
杨辰垣 | Yang Chenyuan
蔡俊坚 | Cai Junjian
蓝鸿钧 | Lan Hongjun
叶世铎 | Ye Shiduo
潘禹辰 | Pan Yuchen
轩永波 | Xuan Yongbo
罗爱国 | Luo Aiguo
朱中权 | Zhu Zhongquan
唐开维 | Tang Kaiwei
左艳 | Zuo Yan
杨守国 | Yang Shouguo
陈昊 | Chen Hao
杨兆华 | Yang Zhaohua
张红强 | Zhang Hongqiang
王帆顺 | Wang Fanshun
庄亚敏 | Zhuang Yamin
李兰荪 | Li Lansun
秦晔晖 | Qin Yehui
刘金东 | Liu Jindong
丁伟 | Ding Wei
曹君利 | Cao Junli
齐敦益 | Qi Dunyi
马正良 | Ma Zhengliang
曾因明 | Zeng Yinming
唐伟峰 | Tang Weifeng
尹俊 | Yin Jun
盛裕萍 | Sheng Yuping
袁玲玲 | Yuan Lingling
高福民 | Gao Fumin
崔飞 | Cui Fei
杨运有 | Yang Yunyou
张志泰 | Zhang Zhitai
洪志鹏 | Hong Zhipeng
尹小川 | Yin Xiaochuan
李定彪 | Li Dingbiao
张璟 | Zhang Jing
段晋 | Duan Jin
太祥 | Tai Xiang
余庆鹤 | Yu Qinghe
黄韬 | Huang Tao
杨林珠 | Yang Linzhu
熊国盛 | Xiong Guosheng
洪涛 | Hong Tao
张颖 | Zhang Ying
朱仕杰 | Zhu Shijie
姜桢 | Jiang Zhen
唐晓阳 | Tang Xiaoyang
王灿琴 | Wang Canqin
钱燕宁 | Qian Yanning
孙杰 | Sun Jie
丁正年 | Ding Zhengnian
张艳江 | Zhang Yanjiang
许玮 | Xu Wei
孙玲 | Sun Ling
王鞠武 | Wang Juwu
黄宗明 | Huang Zongming
王志增 | Wang Zhizeng
李杏芳 | Li Xingfang
张本固 | Zhang Bengu
张良华 | Zhang Lianghua
葛酉新 | Ge Youxin
陈启福 | Chen Qifu
汤应雄 | Tang Yingxiong
赵金平 | Zhao Jinping
刘建武 | Liu Jianwu
陈夏丰 | Chen Xiafeng
谢维泉 | Xie Weiquan
韩涛 | Han Tao
浦晓东 | Pu Xiaodong
陈同 | Chen Tong
陈秋荣 | Chen Qiurong
彭品贤 | Peng Pinxian
蔡广振 | Cai Guangzhen
梁建辉 | Liang Jianhui
方丹青 | Fang Danqing
林清文 | Lin Qingwen
蔡平 | Cai Ping
张鑫 | Zhang Xin
卓帅 | Zhuo Shuai
刘斌 | Liu Bin